-- MySQL dump 10.13  Distrib 8.0.43, for Win64 (x86_64)
--
-- Host: localhost    Database: autorizaciones
-- ------------------------------------------------------
-- Server version	8.4.6

/*!40101 SET @OLD_CHARACTER_SET_CLIENT=@@CHARACTER_SET_CLIENT */;
/*!40101 SET @OLD_CHARACTER_SET_RESULTS=@@CHARACTER_SET_RESULTS */;
/*!40101 SET @OLD_COLLATION_CONNECTION=@@COLLATION_CONNECTION */;
/*!50503 SET NAMES utf8 */;
/*!40103 SET @OLD_TIME_ZONE=@@TIME_ZONE */;
/*!40103 SET TIME_ZONE='+00:00' */;
/*!40014 SET @OLD_UNIQUE_CHECKS=@@UNIQUE_CHECKS, UNIQUE_CHECKS=0 */;
/*!40014 SET @OLD_FOREIGN_KEY_CHECKS=@@FOREIGN_KEY_CHECKS, FOREIGN_KEY_CHECKS=0 */;
/*!40101 SET @OLD_SQL_MODE=@@SQL_MODE, SQL_MODE='NO_AUTO_VALUE_ON_ZERO' */;
/*!40111 SET @OLD_SQL_NOTES=@@SQL_NOTES, SQL_NOTES=0 */;

--
-- Table structure for table `item_solicitud`
--

DROP TABLE IF EXISTS `item_solicitud`;
/*!40101 SET @saved_cs_client     = @@character_set_client */;
/*!50503 SET character_set_client = utf8mb4 */;
CREATE TABLE `item_solicitud` (
  `id` int NOT NULL AUTO_INCREMENT,
  `id_solicitud` int NOT NULL,
  `codigo` varchar(30) NOT NULL,
  `descripcion` varchar(150) DEFAULT NULL,
  `cantidad` int NOT NULL,
  `precio_unit` decimal(14,2) NOT NULL,
  PRIMARY KEY (`id`),
  KEY `id_solicitud` (`id_solicitud`),
  CONSTRAINT `item_solicitud_ibfk_1` FOREIGN KEY (`id_solicitud`) REFERENCES `solicitudes` (`id`)
) ENGINE=InnoDB AUTO_INCREMENT=37 DEFAULT CHARSET=utf8mb4 COLLATE=utf8mb4_0900_ai_ci;
/*!40101 SET character_set_client = @saved_cs_client */;

--
-- Dumping data for table `item_solicitud`
--

LOCK TABLES `item_solicitud` WRITE;
/*!40000 ALTER TABLE `item_solicitud` DISABLE KEYS */;
INSERT INTO `item_solicitud` VALUES (1,7,'420101','Psicologia',1,2500.00),(2,4,'420101','Psicologia',1,2500.00),(3,4,'420101','Psicologia',1,2500.00),(4,5,'410101','Kinesio',1,2500.00),(5,4,'410101','Kinesio',1,2500.00),(6,7,'410101','Kinesio',1,2500.00),(7,7,'410101','Kinesio',1,2500.00),(8,8,'410101','Control',1,2500.00),(9,10,'420101','Consulta',1,2580.00),(10,10,'420102','Revision',1,1580.00),(11,8,'0105089','Control Medico',1,250.00),(12,11,'420101','Consulta medica',1,5000.00),(13,13,'420101','Consulta',1,2500.00),(14,14,'420101','Consulta medica',1,5000.00),(15,14,'458745','Cirugia',1,0.00),(16,14,'45782','Catarta',1,0.00),(17,15,'420101','Cirugia',1,2000000.00),(18,15,'4584','Material',2,25000.00),(19,16,'420101','Consulta',1,2500.00),(20,17,'420101','Consulta',1,25000.00),(21,17,'010110','Medicacion',10,1500.00),(22,17,'788599','Cirugia',1,1250000.00),(23,18,'420101','Consulta',1,25000.00),(24,19,'1504047','Cirugia',1,2500000.00),(25,19,'45785','Medicamentos',1,125485.00),(26,20,'420202','Kinesio',1,2550.00),(27,21,'420101','Consulta medica',2,2500.00),(28,21,'450505','Rehabilitacion',1,15000.00),(29,22,'420101','Consulta',1,2500.00),(30,23,'420101','Consulta',1,2500.00),(31,23,'420101','Cirugia',1,2000000.00),(32,24,'420101','Consulta Medica',1,2500.00),(33,25,'45878','Cirugia',1,0.00),(34,25,'425478','Cirugia',1,0.00),(35,26,'420101','Consulta',1,2500.00),(36,27,'010104','Cirugia',1,2000000.00);
/*!40000 ALTER TABLE `item_solicitud` ENABLE KEYS */;
UNLOCK TABLES;

--
-- Table structure for table `movimientos`
--

DROP TABLE IF EXISTS `movimientos`;
/*!40101 SET @saved_cs_client     = @@character_set_client */;
/*!50503 SET character_set_client = utf8mb4 */;
CREATE TABLE `movimientos` (
  `id` int NOT NULL AUTO_INCREMENT,
  `id_solicitud` int NOT NULL,
  `accion` varchar(30) NOT NULL,
  `estado_anterior` varchar(20) DEFAULT NULL,
  `estado_nuevo` varchar(20) NOT NULL,
  `usuario` varchar(80) NOT NULL,
  `detalle` varchar(255) DEFAULT NULL,
  `fecha` timestamp NOT NULL DEFAULT CURRENT_TIMESTAMP,
  `observacion` varchar(255) DEFAULT NULL,
  PRIMARY KEY (`id`),
  KEY `id_solicitud` (`id_solicitud`),
  CONSTRAINT `movimientos_ibfk_1` FOREIGN KEY (`id_solicitud`) REFERENCES `solicitudes` (`id`)
) ENGINE=InnoDB AUTO_INCREMENT=108 DEFAULT CHARSET=utf8mb4 COLLATE=utf8mb4_0900_ai_ci;
/*!40101 SET character_set_client = @saved_cs_client */;

--
-- Dumping data for table `movimientos`
--

LOCK TABLES `movimientos` WRITE;
/*!40000 ALTER TABLE `movimientos` DISABLE KEYS */;
INSERT INTO `movimientos` VALUES (1,5,'CREAR',NULL,'PENDIENTE','admin.demo',NULL,'2025-11-11 18:28:52',NULL),(2,3,'RECHAZAR','APROBADA','RECHAZADA','dr.demo',NULL,'2025-11-11 18:29:26','Probando'),(3,6,'CREAR',NULL,'PENDIENTE','admin.demo',NULL,'2025-11-11 18:30:17',NULL),(4,6,'APROBAR','PENDIENTE','APROBADA','dr.demo',NULL,'2025-11-11 18:30:33',NULL),(5,6,'RECHAZAR','APROBADA','RECHAZADA','dr.demo',NULL,'2025-11-11 18:30:41','Probando'),(6,7,'CREAR',NULL,'PENDIENTE','admin.demo',NULL,'2025-11-12 16:58:44',NULL),(7,7,'EVALUAR','PENDIENTE','EN_EVALUACION','dr.demo',NULL,'2025-11-12 16:59:11',NULL),(8,5,'EVALUAR','PENDIENTE','EN_EVALUACION','dr.demo',NULL,'2025-11-12 16:59:16',NULL),(9,5,'AGREGAR_ITEM','EN_EVALUACION','EN_EVALUACION','admin.demo',NULL,'2025-11-12 17:41:53','Código=410101 Cant=1 PU=2500,00'),(10,4,'AGREGAR_ITEM','PENDIENTE','PENDIENTE','admin.demo',NULL,'2025-11-12 17:42:01','Código=410101 Cant=1 PU=2500,00'),(11,7,'AGREGAR_ITEM','EN_EVALUACION','EN_EVALUACION','admin.demo',NULL,'2025-11-12 17:42:59','Código=410101 Cant=1 PU=2500,00'),(12,7,'AGREGAR_ITEM','EN_EVALUACION','EN_EVALUACION','admin.demo',NULL,'2025-11-12 17:43:32','Código=410101 Cant=1 PU=2500,00'),(13,7,'APROBAR','EN_EVALUACION','APROBADA','dr.demo',NULL,'2025-11-12 17:43:48',NULL),(14,8,'CREAR',NULL,'PENDIENTE','admin.demo',NULL,'2025-11-12 17:46:53',NULL),(15,8,'AGREGAR_ITEM','PENDIENTE','PENDIENTE','admin.demo',NULL,'2025-11-12 17:47:16','Código=410101 Cant=1 PU=2500,00'),(16,3,'INFORMAR','RECHAZADA','INFORMADA','admin.demo',NULL,'2025-11-12 17:57:17','Notificado a afiliado'),(17,10,'CREAR',NULL,'PENDIENTE','admin.demo',NULL,'2025-11-12 18:59:30',NULL),(18,10,'AGREGAR_ITEM','PENDIENTE','PENDIENTE','admin.demo','Código=420101 Cant=1 PU=2580,00','2025-11-12 18:59:30',NULL),(19,10,'AGREGAR_ITEM','PENDIENTE','PENDIENTE','admin.demo','Código=420102 Cant=1 PU=1580,00','2025-11-12 18:59:30',NULL),(20,10,'EVALUAR','PENDIENTE','EN_EVALUACION','dr.demo',NULL,'2025-11-12 19:00:05',NULL),(21,10,'APROBAR','EN_EVALUACION','APROBADA','dr.demo',NULL,'2025-11-12 19:00:10',NULL),(22,8,'EVALUAR','PENDIENTE','EN_EVALUACION','dr.demo',NULL,'2025-11-12 19:01:54',NULL),(23,4,'EVALUAR','PENDIENTE','EN_EVALUACION','dr.demo',NULL,'2025-11-12 19:02:05',NULL),(24,8,'SOLICITAR_DOC','EN_EVALUACION','SOLICITAR_DOC','dr.demo','Falta HC','2025-11-12 19:02:20',NULL),(25,8,'AGREGAR_ITEM','SOLICITAR_DOC','SOLICITAR_DOC','admin.demo','Código=0105089 Cant=1 PU=250,00','2025-11-12 19:03:03',NULL),(26,9,'EVALUAR','PENDIENTE','EN_EVALUACION','dr.demo',NULL,'2025-11-12 19:09:55',NULL),(27,2,'EVALUAR','PENDIENTE','EN_EVALUACION','dr.demo',NULL,'2025-11-12 19:09:57',NULL),(28,1,'EVALUAR','PENDIENTE','EN_EVALUACION','dr.demo',NULL,'2025-11-12 19:10:00',NULL),(29,5,'APROBAR','EN_EVALUACION','APROBADA','dr.demo',NULL,'2025-11-12 19:10:30',NULL),(30,11,'CREAR',NULL,'PENDIENTE','Usuario Administrativo',NULL,'2025-11-13 01:56:59',NULL),(31,12,'CREAR',NULL,'PENDIENTE','Usuario Administrativo',NULL,'2025-11-13 02:09:08',NULL),(32,12,'EVALUAR','PENDIENTE','EN_EVALUACION','Usuario Médico',NULL,'2025-11-13 02:09:19',NULL),(33,12,'APROBAR','EN_EVALUACION','APROBADA','Usuario Médico',NULL,'2025-11-13 02:09:28',NULL),(34,11,'AGREGAR_ITEM','PENDIENTE','PENDIENTE','Usuario Administrativo','Código=420101 Cant=1 PU=5000,00','2025-11-13 02:10:02',NULL),(35,13,'CREAR',NULL,'PENDIENTE','admin.demo',NULL,'2025-11-13 13:07:46',NULL),(36,13,'AGREGAR_ITEM','PENDIENTE','PENDIENTE','admin.demo','Código=420101 Cant=1 PU=2500,00','2025-11-13 13:07:46',NULL),(37,14,'CREAR',NULL,'PENDIENTE','admin.demo',NULL,'2025-11-13 13:34:36',NULL),(38,14,'AGREGAR_ITEM','PENDIENTE','PENDIENTE','admin.demo','Código=420101 Cant=1 PU=5000,00','2025-11-13 13:34:36',NULL),(39,14,'AGREGAR_ITEM','PENDIENTE','PENDIENTE','admin.demo','Código=458745 Cant=1 PU=0,00','2025-11-13 13:34:36',NULL),(40,14,'AGREGAR_ITEM','PENDIENTE','PENDIENTE','admin.demo','Código=45782 Cant=1 PU=0,00','2025-11-13 13:34:36',NULL),(41,14,'EVALUAR','PENDIENTE','EN_EVALUACION','admin.demo',NULL,'2025-11-13 13:34:45',NULL),(42,14,'APROBAR','EN_EVALUACION','APROBADA','medico.demo',NULL,'2025-11-13 13:35:05',NULL),(43,15,'CREAR',NULL,'PENDIENTE','admin.demo',NULL,'2025-11-13 16:06:45',NULL),(44,15,'AGREGAR_ITEM','PENDIENTE','PENDIENTE','admin.demo','Código=420101 Cant=1 PU=2000000,00','2025-11-13 16:06:45',NULL),(45,15,'AGREGAR_ITEM','PENDIENTE','PENDIENTE','admin.demo','Código=4584 Cant=2 PU=25000,00','2025-11-13 16:06:45',NULL),(46,16,'CREAR',NULL,'PENDIENTE','admin.demo',NULL,'2025-11-13 16:12:49',NULL),(47,16,'AGREGAR_ITEM','PENDIENTE','PENDIENTE','admin.demo','Código=420101 Cant=1 PU=2500,00','2025-11-13 16:12:49',NULL),(48,16,'EVALUAR','PENDIENTE','EN_EVALUACION','admin.demo',NULL,'2025-11-13 16:13:09',NULL),(49,16,'APROBAR','EN_EVALUACION','APROBADA','medico.demo',NULL,'2025-11-13 16:13:23',NULL),(50,17,'CREAR',NULL,'PENDIENTE','admin.demo',NULL,'2025-11-13 16:27:50',NULL),(51,17,'AGREGAR_ITEM','PENDIENTE','PENDIENTE','admin.demo','Código=420101 Cant=1 PU=25000,00','2025-11-13 16:27:50',NULL),(52,17,'AGREGAR_ITEM','PENDIENTE','PENDIENTE','admin.demo','Código=010110 Cant=10 PU=1500,00','2025-11-13 16:27:50',NULL),(53,17,'AGREGAR_ITEM','PENDIENTE','PENDIENTE','admin.demo','Código=788599 Cant=1 PU=1250000,00','2025-11-13 16:27:50',NULL),(54,18,'CREAR',NULL,'PENDIENTE','admin.demo',NULL,'2025-11-13 16:40:06',NULL),(55,18,'AGREGAR_ITEM','PENDIENTE','PENDIENTE','admin.demo','Código=420101 Cant=1 PU=25000,00','2025-11-13 16:40:06',NULL),(56,19,'CREAR',NULL,'PENDIENTE','admin.demo',NULL,'2025-11-13 16:40:59',NULL),(57,19,'AGREGAR_ITEM','PENDIENTE','PENDIENTE','admin.demo','Código=1504047 Cant=1 PU=2500000,00','2025-11-13 16:40:59',NULL),(58,19,'AGREGAR_ITEM','PENDIENTE','PENDIENTE','admin.demo','Código=45785 Cant=1 PU=125485,00','2025-11-13 16:40:59',NULL),(59,18,'EVALUAR','PENDIENTE','EN_EVALUACION','medico.demo',NULL,'2025-11-13 16:41:32',NULL),(60,19,'EVALUAR','PENDIENTE','EN_EVALUACION','medico.demo',NULL,'2025-11-13 16:41:36',NULL),(61,18,'APROBAR','EN_EVALUACION','APROBADA','medico.demo',NULL,'2025-11-13 16:41:59',NULL),(62,19,'ELEVAR','EN_EVALUACION','ELEVADA','medico.demo','Total estimado: 2625485.0','2025-11-13 16:42:23',NULL),(63,19,'APROBAR','ELEVADA','APROBADA','subgerencia.demo','Dictamen favorable','2025-11-13 16:42:56',NULL),(64,17,'SOLICITAR_DOC','PENDIENTE','SOLICITAR_DOC','medico.demo','Falta HC','2025-11-13 16:50:35',NULL),(65,17,'RECIBIR_CORR','SOLICITAR_DOC','EN_CORRECCION','admin.demo',NULL,'2025-11-13 16:58:58',NULL),(66,15,'SOLICITAR_DOC','PENDIENTE','SOLICITAR_DOC','medico.demo','Falta Doc','2025-11-13 16:59:25',NULL),(67,15,'RECIBIR_CORR','SOLICITAR_DOC','EN_CORRECCION','admin.demo',NULL,'2025-11-13 16:59:38',NULL),(68,8,'RECIBIR_CORR','SOLICITAR_DOC','EN_CORRECCION','admin.demo',NULL,'2025-11-13 16:59:42',NULL),(69,8,'EVALUAR','EN_CORRECCION','EN_EVALUACION','admin.demo',NULL,'2025-11-13 17:00:01',NULL),(70,15,'EVALUAR','EN_CORRECCION','EN_EVALUACION','medico.demo',NULL,'2025-11-13 17:04:20',NULL),(71,17,'EVALUAR','EN_CORRECCION','EN_EVALUACION','medico.demo',NULL,'2025-11-13 17:04:22',NULL),(72,20,'CREAR',NULL,'PENDIENTE','admin.demo',NULL,'2025-11-13 18:01:15',NULL),(73,20,'AGREGAR_ITEM','PENDIENTE','PENDIENTE','admin.demo','Código=420202 Cant=1 PU=2550,00','2025-11-13 18:01:15',NULL),(74,20,'EVALUAR','PENDIENTE','EN_EVALUACION','admin.demo',NULL,'2025-11-13 18:01:23',NULL),(75,20,'SOLICITAR_DOC','EN_EVALUACION','SOLICITAR_DOC','medico.demo','hc','2025-11-13 18:02:07',NULL),(76,20,'RECIBIR_CORR','SOLICITAR_DOC','EN_CORRECCION','admin.demo',NULL,'2025-11-13 18:02:25',NULL),(77,20,'EVALUAR','EN_CORRECCION','EN_EVALUACION','admin.demo',NULL,'2025-11-13 18:02:33',NULL),(78,21,'CREAR',NULL,'PENDIENTE','admin.demo',NULL,'2025-11-14 23:02:26',NULL),(79,21,'AGREGAR_ITEM','PENDIENTE','PENDIENTE','admin.demo','Código=420101 Cant=2 PU=2500,00','2025-11-14 23:02:26',NULL),(80,21,'AGREGAR_ITEM','PENDIENTE','PENDIENTE','admin.demo','Código=450505 Cant=1 PU=15000,00','2025-11-14 23:02:26',NULL),(81,21,'EVALUAR','PENDIENTE','EN_EVALUACION','medico.demo',NULL,'2025-11-14 23:03:41',NULL),(82,21,'ELEVAR','EN_EVALUACION','ELEVADA','medico.demo','Total estimado: 2.0E7','2025-11-14 23:05:58',NULL),(83,22,'CREAR',NULL,'PENDIENTE','admin.demo',NULL,'2025-11-15 19:21:54',NULL),(84,22,'AGREGAR_ITEM','PENDIENTE','PENDIENTE','admin.demo','Código=420101 Cant=1 PU=2500,00','2025-11-15 19:21:54',NULL),(85,23,'CREAR',NULL,'PENDIENTE','admin.demo',NULL,'2025-11-15 20:38:08',NULL),(86,23,'AGREGAR_ITEM','PENDIENTE','PENDIENTE','admin.demo','Código=420101 Cant=1 PU=2500,00','2025-11-15 20:38:08',NULL),(87,23,'AGREGAR_ITEM','PENDIENTE','PENDIENTE','admin.demo','Código=420101 Cant=1 PU=2000000,00','2025-11-15 20:38:08',NULL),(88,23,'EVALUAR','PENDIENTE','EN_EVALUACION','admin.demo',NULL,'2025-11-15 20:38:16',NULL),(89,23,'ELEVAR','EN_EVALUACION','ELEVADA','medico.demo','Total estimado: 2002500.0','2025-11-15 20:38:24',NULL),(90,24,'CREAR',NULL,'PENDIENTE','admin.demo',NULL,'2025-11-16 13:48:43',NULL),(91,24,'AGREGAR_ITEM','PENDIENTE','PENDIENTE','admin.demo','Código=420101 Cant=1 PU=2500,00','2025-11-16 13:48:44',NULL),(92,24,'EVALUAR','PENDIENTE','EN_EVALUACION','medico.demo',NULL,'2025-11-16 13:49:45',NULL),(93,24,'APROBAR','EN_EVALUACION','APROBADA','medico.demo',NULL,'2025-11-16 13:50:07',NULL),(94,25,'CREAR',NULL,'PENDIENTE','admin.demo',NULL,'2025-11-16 13:53:22',NULL),(95,25,'AGREGAR_ITEM','PENDIENTE','PENDIENTE','admin.demo','Código=45878 Cant=1 PU=0,00','2025-11-16 13:53:22',NULL),(96,25,'AGREGAR_ITEM','PENDIENTE','PENDIENTE','admin.demo','Código=425478 Cant=1 PU=0,00','2025-11-16 13:53:22',NULL),(97,25,'EVALUAR','PENDIENTE','EN_EVALUACION','medico.demo',NULL,'2025-11-16 13:53:31',NULL),(98,26,'CREAR',NULL,'PENDIENTE','admin.demo',NULL,'2025-11-16 14:19:04',NULL),(99,26,'AGREGAR_ITEM','PENDIENTE','PENDIENTE','admin.demo','Código=420101 Cant=1 PU=2500,00','2025-11-16 14:19:04',NULL),(100,26,'EVALUAR','PENDIENTE','EN_EVALUACION','medico.demo',NULL,'2025-11-16 14:19:58',NULL),(101,26,'APROBAR','EN_EVALUACION','APROBADA','medico.demo',NULL,'2025-11-16 14:20:04',NULL),(102,27,'CREAR',NULL,'PENDIENTE','admin.demo',NULL,'2025-11-16 14:21:22',NULL),(103,27,'AGREGAR_ITEM','PENDIENTE','PENDIENTE','admin.demo','Código=010104 Cant=1 PU=2000000,00','2025-11-16 14:21:22',NULL),(104,27,'EVALUAR','PENDIENTE','EN_EVALUACION','admin.demo',NULL,'2025-11-16 14:21:30',NULL),(105,27,'ELEVAR','EN_EVALUACION','ELEVADA','medico.demo','Total estimado: 2000000.0','2025-11-16 14:21:45',NULL),(106,27,'APROBAR','ELEVADA','APROBADA','subgerencia.demo','Dictamen favorable','2025-11-16 14:22:19',NULL),(107,20,'RECHAZAR','EN_EVALUACION','RECHAZADA','medico.demo','Otros','2025-11-16 14:22:52',NULL);
/*!40000 ALTER TABLE `movimientos` ENABLE KEYS */;
UNLOCK TABLES;

--
-- Table structure for table `solicitudes`
--

DROP TABLE IF EXISTS `solicitudes`;
/*!40101 SET @saved_cs_client     = @@character_set_client */;
/*!50503 SET character_set_client = utf8mb4 */;
CREATE TABLE `solicitudes` (
  `id` int NOT NULL AUTO_INCREMENT,
  `afiliado` varchar(80) NOT NULL,
  `dni` bigint NOT NULL,
  `tipo_practica` varchar(100) NOT NULL,
  `cantidad` int NOT NULL DEFAULT '1',
  `fecha` date NOT NULL,
  `estado` varchar(20) NOT NULL,
  `observacion` varchar(255) DEFAULT NULL,
  PRIMARY KEY (`id`)
) ENGINE=InnoDB AUTO_INCREMENT=28 DEFAULT CHARSET=utf8mb4 COLLATE=utf8mb4_0900_ai_ci;
/*!40101 SET character_set_client = @saved_cs_client */;

--
-- Dumping data for table `solicitudes`
--

LOCK TABLES `solicitudes` WRITE;
/*!40000 ALTER TABLE `solicitudes` DISABLE KEYS */;
INSERT INTO `solicitudes` VALUES (1,'Juan Pérez',30123456,'Resonancia',1,'2025-11-10','EN_EVALUACION',NULL),(2,'María López',36500222,'Ecografía',1,'2025-11-10','EN_EVALUACION',NULL),(3,'Noya Hernan',37952746,'420101',1,'2025-11-10','INFORMADA','Notificado a afiliado'),(4,'Noya Hernan',37952746,'Kinesiologia',1,'2025-11-11','EN_EVALUACION',NULL),(5,'Noya Hernan',3795276,'Kinesiologia',3,'2025-11-11','APROBADA',NULL),(6,'Noya Hernan',37952746,'TO',1,'2025-11-11','RECHAZADA','Probando'),(7,'Noya Hernan',37952746,'Psicologia',2,'2025-11-12','APROBADA',NULL),(8,'Pruebaitems',123456789,'Kinesiologia',1,'2025-11-12','EN_EVALUACION',NULL),(9,'Hernan Noya',379527589,'Kinesiologia',2,'2025-11-12','EN_EVALUACION',NULL),(10,'Noya Hernan',123456789,'Oftalmologia',3,'2025-11-12','APROBADA',NULL),(11,'Noya Hernan',37952746,'Kinesio',1,'2025-11-12','PENDIENTE',NULL),(12,'Noya Hernan',3795274586,'Fonoauditologia',1,'2025-11-12','APROBADA',NULL),(13,'Hernan',37952746,'Kinesio',2,'2025-11-13','PENDIENTE',NULL),(14,'Noya Hernan',32756896,'Oftalmologia',2,'2025-11-13','APROBADA',NULL),(15,'Probando',4587587,'Cirugia',2,'2025-11-13','EN_EVALUACION',NULL),(16,'Prueba3',25658964,'Pruebas',1,'2025-11-13','APROBADA',NULL),(17,'Pruebas2',12548548,'Cirugia',3,'2025-11-13','EN_EVALUACION',NULL),(18,'Pruebas4',12589654,'Rehabilitacion',1,'2025-11-13','APROBADA',NULL),(19,'Pruebas04',10101011,'Cirugia',2,'2025-11-13','APROBADA','Dictamen favorable'),(20,'Prueba06',1234567,'Cirugia',1,'2025-11-13','RECHAZADA','Otros'),(21,'Noya Hernan',37952746,'Kinesiologia',1,'2025-11-14','ELEVADA','Total estimado: 2.0E7'),(22,'Noya Hernan',37952746,'Kinesiologia',2,'2025-11-25','PENDIENTE',NULL),(23,'Noya Hernan',379582589,'Consulta',1,'2025-11-15','ELEVADA','Total estimado: 2002500.0'),(24,'Noya Hernan Probando',37952746,'Cirugia',1,'2025-11-16','APROBADA',NULL),(25,'Probando elevacion',123456789,'Cirugia',1,'2025-11-16','EN_EVALUACION',NULL),(26,'Noya Hernan Prueba',37952746,'Consulta medica',1,'2025-11-16','APROBADA',NULL),(27,'Probando elevar',1234567891,'Cirugia',1,'2025-11-16','APROBADA','Dictamen favorable');
/*!40000 ALTER TABLE `solicitudes` ENABLE KEYS */;
UNLOCK TABLES;
/*!40103 SET TIME_ZONE=@OLD_TIME_ZONE */;

/*!40101 SET SQL_MODE=@OLD_SQL_MODE */;
/*!40014 SET FOREIGN_KEY_CHECKS=@OLD_FOREIGN_KEY_CHECKS */;
/*!40014 SET UNIQUE_CHECKS=@OLD_UNIQUE_CHECKS */;
/*!40101 SET CHARACTER_SET_CLIENT=@OLD_CHARACTER_SET_CLIENT */;
/*!40101 SET CHARACTER_SET_RESULTS=@OLD_CHARACTER_SET_RESULTS */;
/*!40101 SET COLLATION_CONNECTION=@OLD_COLLATION_CONNECTION */;
/*!40111 SET SQL_NOTES=@OLD_SQL_NOTES */;

-- Dump completed on 2025-11-16 12:41:35
